"genus","n_points","Vol","CHELSA_bio10_01","CHELSA_bio10_02","CHELSA_bio10_10","CHELSA_bio10_11","CHELSA_bio10_12","CHELSA_bio10_15","CHELSA_bio10_16","CHELSA_bio10_17","GLOBAL_SLOPE_10MIN","depthtobedrock2","meancarbon","meanpH","meanwatercap"
"Strephonema",65,0.477962198385047,24.7937104225159,41.7126637458801,25.9682579994202,23.4043857574463,2020.07712646484,64.9040874481201,1033.88960205078,40.7130915641785,0.305461978912353,198.483784103394,39.2643162250519,49.1027574539185,15.9103308677673
"Laguncularia",335,38.8203629437432,25.4811397780233,44.3526704275786,27.3644835400937,23.3433396154375,1797.71685194329,60.5618299398849,829.516199960282,155.964737713159,0.367858676743535,189.730440219243,55.4450870706212,59.0252937627217,17.5054497680967
"Lumnitzera",231,15.6603040647713,25.9953888466256,44.1958475359131,27.9366530170591,23.4392551055177,1931.29554522449,75.1752069472255,1004.58210443743,151.900870659924,0.328757680049268,185.364392003309,54.9329705907261,56.6355076229047,17.748949217406
"Macropteranthes",148,0.374541276260114,23.8932249134985,85.9148151792329,26.9416288836249,19.507362153795,911.538316514757,82.2334509955512,497.937179824053,66.5759709676107,0.293425133244859,174.153965102302,14.3264592885971,63.7184220675764,14.4303160946945
"Dansiea",13,0.290575222185215,24.1193469365438,47.2278429667155,26.8187297979991,20.9554303487142,1538.12776692708,77.3875462214152,905.788637797038,79.3204135894775,0.380223442800343,172.251123110453,29.8898246089617,57.188301285108,17.0230147043864
"Terminalia",8119,0.380280737744497,24.9428977966309,59.8054504394531,26.6597959568773,22.9267327925738,1469.61932373047,74.5447368178257,808.285192871094,61.9780301272869,0.427909922165175,191.923410415649,28.1791408061981,56.443623922639,15.9946555189184
"Conocarpus",332,33.3935860990951,25.7685049303301,44.6483821754341,27.5478132322386,23.6680700284941,1534.93592866548,66.4559334935369,762.079133958788,109.619287741972,0.324667512467162,186.186586171896,48.7848495357149,60.7659363894611,17.0763265127176
"Getonia",35,5.02263924321108,26.0051643371582,57.7300349644252,27.890051487514,23.2335994175502,1839.70469970703,76.5685919625419,1006.75173339844,55.5694856439318,0.519215856279646,187.29700251988,32.0786249841963,55.0954262869699,15.4110182285309
"Guiera",105,1.79088292603186,28.1187314896356,101.805229114351,32.1979593731108,24.5120898655483,784.541113862537,122.582071504139,622.67510085333,1.37588520089644,0.139710948554178,198.221485101609,18.570830934956,63.6180522737049,13.6349661372957
"Combretum",8050,0.268025154545692,24.5412334095348,57.4379507700602,26.0995941162109,23.0710353851318,1509.98323880709,72.5012772878011,740.171522504828,43.1783937295278,0.382624640463568,198.1673412323,23.7489942908287,55.225625038147,15.1188771128654
"Axinandra",22,0.440524846653363,26.4853190141566,47.3659398247214,27.0143681133495,25.8821229598101,3388.5114286535,26.3737449814292,1247.83954503677,579.067875222599,0.28687378534061,194.035912367877,147.656813705669,48.9724621155683,20.8308898897732
"Alzatea",61,32.3809484652167,18.3587760534443,63.3639506355661,19.0295375761439,17.5382437471484,2064.7314453125,34.8987110950908,774.922577904873,286.831991289483,2.19561636301338,170.593963216563,78.5064024143532,53.4402295409656,18.2813790352618
"Olinia",59,4.72122350574713,18.3028479246867,90.2223902429853,21.661183368592,14.7175046347436,939.057471048267,48.2844365494592,445.64302726019,86.3225906413225,1.09414763189852,165.345854957898,37.4024546373458,59.0832909657842,17.7168281163488
"Penaea",12,0.487393513091755,16.5717527071635,56.0076591173808,20.4534811973572,12.7489061355591,756.835067749023,51.7205944061279,332.150545756022,78.0693740844727,0.624748357261221,164.795234680176,34.0756918787956,64.5253955523173,18.6912399927775
"Rhynchocalyx",2,7.91215473648833e-06,19.9621286392212,64.3548831939697,23.5143690109253,16.2075042724609,1212.06481933594,45.1308193206787,448.423110961914,102.532485961914,1.02751687169075,197.838535308838,25.747576713562,55.8852467536926,16.9042761325836
"Lijndenia",62,7.91215473648833e-06,24.1189036369324,44.1903731697484,26.6332823435466,21.1242733001709,2530.9658203125,44.4062410990397,1083.57284867136,259.686307271322,0.67444996535778,196.658303578695,41.8669375578562,52.4176727930705,18.8378903071086
"Memecylon",1617,7.91215473648833e-06,24.8236050923665,45.7400245666504,26.0260524749756,23.3737392425537,2197.298828125,57.2389488220215,1025.40138924222,150.13906288147,0.654896105660803,193.107892990112,39.7777287518537,51.8574028015137,16.3922174771627
"Warneckea",367,0.0577868068216455,24.470465295455,50.1701858838399,25.7227987682119,23.0300942669395,1756.81390935724,63.9043180465698,892.668304443359,76.4512418748604,0.383105362765491,197.605986186436,29.1065336711165,51.3372276227589,15.6286426120334
"Spathandra",31,0.797929748946858,24.7908527169908,39.8826953456516,25.9235362495695,23.4719822406769,2077.214747111,67.5762663795834,1080.28695696877,58.8219276098978,0.246798049852562,199.297502915065,44.3343911170959,49.8609982132912,16.7114306042591
"Mouriri",2159,0.194074709006219,25.2097953673332,49.3039321899414,26.129260670055,24.1836380958557,2481.55880301339,48.7177460988363,992.873413085938,231.450011033278,0.23715940809634,198.886704799107,35.0699727491096,47.485700936153,17.1315251350403
"Votomita",20,7.91215473648833e-06,25.2344500368292,43.4299761165272,25.9172590429133,24.4787212718617,2655.5380748402,42.450998804786,1118.5231887355,306.457721363415,0.120212575343127,199.556088924408,40.6291496699506,46.8980587720871,17.1675706803799
"Pternandra",404,0.977009213886557,26.1338287721601,48.9526335861372,26.6828565713835,25.3866282871791,2999.6706201968,24.0563317159327,1052.80109900171,495.087324059528,0.440729228544823,194.020287630851,95.5806188366318,48.2665685857058,18.747955184014
"Beccarianthus",14,7.91215473648833e-06,24.3708500862122,41.7443194389343,24.82692694664,23.8915424346924,2501.96940104167,39.9404729207357,969.107482910156,332.026107788086,1.21013701955477,178.412847995758,64.8886912663778,53.2020647525787,16.5948977470398
"Astrocalyx",4,7.91215473648833e-06,24.7656307220459,44.3038878440857,24.7168684005737,24.1483297348022,2460.72601318359,42.7567472457886,935.570022583008,280.854564666748,1.25939571112394,180.16540145874,71.9736649990082,52.6765155792236,16.9246175289154
"Astronidium",37,7.91215473648833e-06,26.2143878936768,17.9172269503276,26.7263860702515,25.0507577260335,3358.66882324219,28.3945713043213,1146.40423583984,537.289662679036,0.404788850496212,179.54999256134,81.6905641555786,52.3797388076783,17.212987780571
"Tessmannianthus",40,7.91215473648833e-06,23.606733417511,49.084199057685,24.2321475982666,22.6232944369316,3106.2109375,28.5910265332177,1163.11350154877,391.764354112413,1.46042593462127,186.166578610738,60.5741193652153,51.5269371138679,16.0113370418549
"Henriettea",1405,2.65359134780479,24.6825044722784,51.369247164045,25.4783657612624,23.7598808372944,2459.80507892111,44.6402749677874,988.468208524914,260.39928464531,0.812309213948187,194.813976505346,43.0457038335135,50.7750562667846,16.6968607512804
"Bellucia",1321,1.89027691605982,24.7849682472848,52.9999618530273,25.4361944198608,23.8227077060276,2464.70532411518,46.9383728027344,979.570515950521,246.181375850331,0.374130794053505,198.319497837362,39.3501901626587,47.7684061647666,17.6251101493835
"Lithobium",11,0.168128102586916,20.6465918801048,80.4309040416371,22.3838065754284,17.7575993971391,1362.91481711648,83.8936379172585,820.520718661222,30.0890201221813,0.797050909562544,196.99687610973,27.1860498081554,53.1656418713656,17.4212796254591
"Chalybea",24,7.91215473648833e-06,15.3243923187256,70.880672454834,16.158275604248,14.594747543335,1703.80792236328,34.2926254272461,691.164672851562,254.891532897949,2.32442083954811,155.378580093384,97.3147621154785,53.1338968276978,19.0677724480629
"Blakea",1740,0.0498152791502789,21.2252616882324,45.6186456680298,21.8309898376465,20.5587666829427,2725.4887213456,33.6305854195043,1038.11283829633,293.563931274414,2.19296495119731,176.56036567688,79.9354693889618,52.9717090394762,17.4332042800056
"Salpinga",225,1.0328857977232,23.1525263388952,51.52734375,23.8610200427827,22.3501178423564,2778.75350443522,41.7944873628162,1008.05866666448,302.440499441964,1.21576324814842,184.322472731272,54.9846446712812,48.6867754459381,17.0370538234711
"Meriania",927,7.91215473648833e-06,17.2844367027283,60.3964642555483,17.7548104604085,16.6108343866136,1799.97145182292,38.9124425252279,753.711975097656,221.45783996582,2.53111910820007,168.70584487915,84.4008081436157,53.6214199066162,18.8789665102959
"Axinaea",349,0.188980835228582,12.9798818588257,75.0159521102905,13.7786016464233,12.3788306236267,1321.29553222656,41.1710624694824,565.623229980469,148.316413879395,2.65835069255395,159.232218265533,90.0048240025838,55.0255556106567,20.3575941324234
"Graffenrieda",898,0.298033872384667,23.1623470264933,56.1186584472656,23.8807671534551,21.8056757367175,2465.73629563105,41.0036568283139,945.880856887154,262.945660930538,1.44884913644575,183.555766545289,56.0226293451646,51.2378173849317,16.7340779113769
"Centronia",30,7.91215473648833e-06,21.4436769485474,68.3584938049316,23.3315935134888,21.1378898620605,1604.38200794567,21.7042644023895,498.747627258301,297.899795532227,1.2907185703516,175.919589042664,56.8813171386719,52.114800453186,16.4205124378204
"Macrocentrum",129,7.91215473648833e-06,23.5532093048096,56.4926325480143,24.3516658147176,22.5909461975098,2485.51831054688,43.3372221447173,988.88124593099,253.052796863374,1.13607086737951,192.84912109375,51.2640102386475,49.4613916873932,16.4484839439392
"Adelobotrys",443,0.110861475109396,24.4495689045299,46.2666422741754,24.9349537440709,23.6577446574257,2967.50838216146,28.2898147106171,1010.9228108724,456.840476880755,0.285778378668641,198.472245988391,43.0584285969918,46.7321299870809,17.3728132843971
"Physeterostemon",7,7.91215473648833e-06,22.3657875061035,52.2623138427734,23.3568267822266,20.1567554473877,1397.58190917969,17.6301155090332,399.619964599609,242.590667724609,0.748635023832321,198.81796836853,24.4601364135742,52.9935026168823,16.3125672340393
"Eriocnema",4,7.91215473648833e-06,20.3083567619324,75.6962146759033,22.6344714164733,17.2617437839508,1577.65936279297,85.0116634368896,885.813903808594,42.8111238479615,0.823358461260796,197.280209541321,31.8011776208877,51.3733761310578,18.485514163971
"Clidemia",108,7.91215473648833e-06,23.057700726721,54.6988929549074,24.0296327855852,21.8118336481207,2407.47257826063,45.983591609531,965.774664984809,211.775309237779,1.26077593164518,187.842406602133,45.6100390434265,52.6461002826691,16.8927655816078
"Leandra",21,0.0228946659988084,20.9432201385498,77.261604309082,25.117359161377,15.7981542178563,1715.78719656808,22.1171253522237,543.211107526507,230.222104390462,0.535823101798693,193.562568392072,32.1827447414398,52.7964816093445,16.6502372877938
"Miconia",48507,0.44454503654192,22.3259773254395,56.3693822224935,23.6760197515073,20.8120964961265,1967.19957386364,45.4885902404785,826.419128417969,200.139226740057,1.1886802094598,186.139014652797,49.1549189885457,52.6895960569382,17.3597229077266
"Conostegia",38,10.8816749787251,22.3012047761526,43.3593487984095,22.9522453088027,21.7235921957554,2731.32169283354,44.6945076844631,1037.573925703,280.64605767299,1.76721257074043,181.795065916501,67.7885461357924,53.248423784207,16.7642002648268
"Bertolonia",225,7.91215473648833e-06,23.3192310333252,55.580332438151,25.3565061275776,20.623722076416,1468.51112874349,38.2605489095052,614.524871826172,184.464889526367,0.987520709633827,194.191226959229,27.2193366686503,52.2039937973022,16.3125672340393
"Opisthocentra",16,0.101227987433467,24.4641255140305,39.9701099395752,24.9124920368195,23.7486388683319,3134.75704956055,27.9786170721054,1135.45635986328,491.123394012451,0.047525601417874,199.640739917755,34.5297789573669,44.3920945525169,19.4382085800171
"Phainantha",36,0.417541707429065,20.3507032394409,63.3783950805664,21.1325441087995,19.3885925837926,2281.40311431885,43.54514503479,958.904998779297,246.817546299526,1.35212348567115,193.810129165649,54.7613859176636,51.1034201213292,16.6024733781815
"Bredia",150,7.91215473648833e-06,19.8820648193359,66,26.889071391179,10.4818116554847,1567.66577148438,66.1114579714262,785.35556265024,110.356492526715,0.724042788147926,193.675875663757,37.8597030639648,58.6380567550659,16.8370281060537
"Barthea",29,3.24327371193415,20.3257572897549,55.5608204151022,27.015612306266,12.3190106687875,2086.39619393184,58.9430224319984,1021.59417935075,206.630532231824,1.0518752444407,180.399496473115,50.4489422502189,54.5143082717369,17.1796781523474
"Sonerila",390,0.167170061300443,23.5352354049683,52.99700655256,25.4392666816711,22.3113689422607,2525.6513671875,28.78093791008,976.69482421875,370.713749476842,0.865311292665345,178.465246397873,64.5073390688215,49.8663091659546,16.5967470010122
"Sarcopyramis",181,19.8030825643743,16.0219740971275,67.9753860473633,23.8184981968092,7.16355171645789,1610.21786499023,62.5864520390828,794.153625488281,97.3569747447968,1.07489114329219,175.192843310038,54.9440129915873,57.7606158671172,18.0348018019096
"Phyllagathis",132,7.91215473648833e-06,24.158207321167,54.2693138122558,26.0543026129405,21.1047881444295,2149.44509887695,63.5043617827551,980.335861206054,113.213696613908,0.909758783876895,184.794723192851,50.5208621025085,54.2369602521261,17.2833410203457
"Blastus",205,1.23100211292217,21.095588684082,66,28.1101523808071,11.6694974899292,1576.76181069907,59.0394114517584,903.525756835938,118.583146627847,0.660682729876986,193.206680297852,41.0828237533569,55.6317046328289,16.9647976916011
"Boyania",2,7.91215473648833e-06,22.0974931716919,57.2389755249023,22.8605871200562,21.223650932312,2762.15393066406,40.9776344299316,1101.82269287109,372.577041625977,1.15189704298973,194.747985839844,55.8002676963806,48.9982905387878,16.8821640014648
"Cyphotheca",11,0.450136427543929,18.5060412667014,70.3049666664817,22.6850365725431,12.3183657906272,1393.74322509766,78.4980968128551,873.515946821733,65.6032135703347,0.869374321265654,171.564357410778,39.0716514587402,58.5264501571655,17.2496633312919
"Fordiophyton",87,0.0459472958490301,19.8052443504333,65.6306610107422,27.342475491601,11.0086322784424,1573.44786550161,64.7574927098042,742.254535984349,98.0211177825927,0.955583617091181,194.19115623268,37.6682538986206,57.3183244705201,17.0604383587837
"Oxyspora",223,0.210296961787081,23.337830543518,57.3644223743015,24.8123304957436,22.6131467819214,2387.9588953654,48.0348665714264,1021.72946166992,207.434896787008,0.81865302745312,180.546869005476,63.9361588954926,50.4274174173673,17.127953072389
"Styrophyton",7,0.25866869123223,19.1874801090785,61.8327936444964,24.1468475886754,12.0472459793091,1594.4502999442,78.7887180873326,896.939932686942,73.4433304922921,1.01576515180724,181.805882590158,37.182895387922,57.5444962637765,17.3343642439161
"Tigridiopalma",3,7.91215473648833e-06,21.8056154251098,65.7614002227783,28.1654925346375,13.9347586631774,1957.54919433593,68.1963901519775,884.529174804688,83.6173839569092,0.641211047768593,197.892210960388,29.0414593219758,55.1059303283692,17.4588752985001
"Medinilla",1190,7.91215473648833e-06,23.6550089120865,47.7883324623108,24.4197533925374,22.5244407653809,2583.32446289062,32.0556889057159,1027.91031901042,363.988563986386,1.20915389060974,180.439658355713,72.4248709213443,51.7805938720703,17.3454494476318
"Plethiandra",40,0.453129531499548,26.0393445624246,51.6837126678891,26.5609391000536,25.4927561680476,3200.75714111328,21.2017090870784,1091.64827728271,536.689163208008,0.698250375526886,193.880788697136,87.0239625481459,48.6876561229045,19.5296248727375
"Gravesia",100,7.91215473648833e-06,20.7688752583095,60.1752138137817,23.2218761444092,18.1450960636139,1929.93361816406,66.2391948699951,933.162506103516,161.802960532052,1.0807873904705,189.093411763509,39.7967586517334,51.8362415631612,18.1997926235199
"Cincinnobotrys",23,0.0910937226676893,22.1722164154053,66.065393968062,23.5099983215332,20.631534316323,1388.65236261541,72.6003945090554,699.656871448864,15.3221397399902,0.678772211074829,198.613594228572,26.1509268717332,52.662683356892,15.1824460679834
"Calvoa",187,0.0246383771788107,23.6373716081892,45.0744934082031,24.5417657579694,22.3784490312849,1766.55333600725,59.142888205392,860.227826799665,70.4719829559326,0.311267207066218,198.657764434814,26.7738155637469,48.6353149414062,14.5570067925887
"Amphiblemma",94,0.0297144769420121,24.0622391700745,44.2610511779785,25.3127365112305,22.7880103588104,2448.62622070312,64.6733965873718,1238.54284667969,42.7486802339554,0.552236126735806,195.857023874919,41.9342772960663,48.1265055656433,16.171976407369
"Dicellandra",67,0.233291639404859,23.9340259234111,42.0461449225744,24.9722255865733,22.7354562679927,2215.06946818034,66.9348316192627,1087.23840332031,19.8700838406881,0.591159176081419,196.758560180664,47.2581496238708,47.7974496285121,16.1963392734528
"Quipuanthus",5,7.91215473648833e-06,23.2880657196045,65.5390075683594,23.8003463745117,21.5724769592285,2583.08256835937,20.9294975280762,830.969952392578,483.607986450195,1.9512202501297,184.190354156494,58.2527801513672,50.8560230255127,15.6032697200775
"Wurdastom",14,7.91215473648833e-06,18.7445662816366,44.7740872701009,18.3725097974141,17.8101383845011,3967.51342773438,25.1076941490173,1316.86401367188,603.813537597656,2.52322912216187,160.144458770752,96.8403584162394,53.9266748428345,18.1231404542923
"Allomaieta",33,7.91215473648833e-06,19.8325790058483,53.1298203901811,19.8952009894631,19.397555437955,2330.73413085938,36.1310348510742,983.635238647461,315.50329208374,2.04675799608231,183.028984069824,62.7895233847878,52.3080637454987,17.0628889690746
"Alloneuron",13,7.91215473648833e-06,23.1744868755341,58.8260358174642,24.1799693107605,22.0525934696198,3077.22688802083,30.7950433095296,1136.70524088542,430.329854329427,2.57461535930634,185.311166127523,44.8975536823273,51.4673373699188,17.0650497674942
"Triolena",340,1.46275934554369,22.7270889282227,50.0225280761719,23.0771368344625,21.5890884399414,3025.81658485814,44.5353826221667,1128.46711875514,335.061827519065,2.00857689275461,186.855758921305,77.2183659497429,52.6881151199341,17.4750076293945
"Monolena",216,0.0870501749927951,22.7704251607259,41.7238070170085,23.1301460266113,21.8821792602539,2595.52685546875,28.4530096054077,1058.34194492158,328.908554077148,0.98578006029129,183.362180891491,96.0073663711548,53.5390733083089,16.8735083100342
"Merianthera",50,0.0625981356062538,23.7480799357096,62.8033291209828,25.9944985707601,21.1488297780355,1132.34541459517,66.8852558135986,603.006960782138,92.4386329650879,0.536231359297579,196.417033455589,20.8100614945094,54.3058156967163,14.7463154792786
"Cambessedesia",702,0.0921091197828274,21.900087928772,77.7641417290554,23.3272590983998,19.4004957722683,1194.63714409709,77.0802482100557,645.098975486181,39.9582817077637,0.660377090894863,195.161333036423,23.0410956022216,54.9727151939035,16.3803896268932
"Huberia",153,7.91215473648833e-06,21.5218243598938,60.2414671579997,24.3942094949576,19.233136177063,1482.76087530728,52.7651252746582,675.216318766276,140.667520523072,1.11648143713291,188.821430648143,34.457099378109,52.1923379898071,17.919666916132
"Dissochaeta",823,1.32710357735531,25.1530511776606,47.8942854809923,25.7536782026291,24.518655868939,2896.92245561649,25.4279061423408,1015.651041418,419.256072998047,0.781950167939067,189.140579541524,76.5007512778044,49.1859919684273,17.5395644977154
"Arthrostemma",326,0.276307782521102,22.041230380453,64.6527735982184,23.4883984807549,20.0445988040262,2261.738781157,64.2018703460693,1015.50717849276,159.652216666086,1.99540409810078,170.168080752865,41.4604301043919,57.3970967837742,16.3276654270885
"Pachyloma",116,1.24519158072647,24.675724286592,42.3830067065724,25.2222516468267,23.9190824659248,3138.50774437491,41.0410768358331,1285.49460213644,387.139701253109,0.15430704623489,198.873206220492,45.9011777534819,45.9212265788463,17.7258478873655
"Rhexia",1417,0.23346302745563,19.7819225081691,74.8488180136038,27.0212225207576,11.5018685087911,1315.42396226919,25.7776178610953,506.177699004651,221.887194229117,0.065259638763404,199.950166090238,51.2985406775533,52.142564632336,17.2504747891204
"Tibouchina",339,0.00190120880912915,23.2322925220837,63.2800726049087,24.1996129512787,22.1063728436556,1649.93998790923,62.2646748598884,863.895128522601,118.626536687215,0.833899944275617,196.676492987738,35.5390638828277,52.7069300167144,16.7092514318579
"Desmoscelis",332,30.9969818223868,24.1999543316393,66.2638672805694,25.5958056794592,22.501209319356,1840.77554495938,63.5848909171231,860.573067814471,119.693941944335,0.452128586101245,197.757350140307,26.7342664613781,51.977433015065,16.2470034296254
"Heterocentron",110,0.862815702262657,20.8326380017777,71.1910858154297,22.9542432382073,18.1539346539358,2042.61303492955,75.1363613128662,978.856541679275,90.4002963398543,1.98124656595395,159.629962424157,41.7953556265149,56.6619445606017,15.9322135363307
"Brachyotum",670,0.658433007615412,12.2320899566015,76.3040530865009,12.7100879748662,11.2556645870209,1123.67626953125,39.7278079986572,471.79028116862,129.618496656418,2.01640012970677,152.228905359904,89.1312226382169,56.3503285090129,20.4253887600369
"Schwackaea",50,14.3078314689682,25.2902492141724,40.123284034729,26.3168744277954,24.4903302574158,2228.51397216797,71.2507066345215,1063.96060180664,71.319879784584,0.864589922092855,186.71749458313,51.7040674432119,56.7416560045878,15.414827114741
"Pilocosta",22,2.26700598494855,22.1745145298186,40.9151683716547,22.8994250070481,21.6677642458961,3039.57303234282,49.9935762677874,1234.72570771717,235.460010437739,2.01158475435916,183.066459256127,69.8903487523396,53.5090452920823,16.882992546899
"Centradenia",74,0.738296997307977,23.430314763387,46.5638771057129,24.4096152305603,22.3848220825195,2385.89888640373,57.2988308937319,1154.76014404297,168.416620381673,3.07395730217298,184.775987031725,58.6139304796855,55.1860893249512,16.5389254728953
"Bucquetia",60,7.91215473648833e-06,12.3058653397994,69.5655212402344,12.5247834725813,12.0179278460416,1442.26333895597,38.6055853756991,525.107388028232,157.753849376332,1.9998256076466,171.722369835593,83.1095843315125,55.5202338131991,19.4924700260162
"Castratella",42,7.57551814616243,12.6879061517261,67.2695046379453,12.8849080630711,12.4082840056646,1500.88948277065,38.8729094096593,556.534437633696,157.552062443325,1.98534285827052,168.60453133356,90.9206751755306,55.2360740843273,19.5841458297911
"Monochaetum",578,7.91215473648833e-06,17.8329101709219,63.326886177063,18.2785551548004,16.1284892559052,1681.34379882813,43.4780750274658,720.506998697917,161.100245157878,2.4184292157491,170.542224884033,76.7576246261597,54.928803284963,17.8720534642537
"Chaetolepis",80,5.99327806685926,14.5836166886347,61.5746608376503,14.7325316765479,14.0795341796108,1591.54926143993,49.3731848434968,679.04910365018,123.670087879354,3.42863001098687,153.126561912624,82.4696647086313,55.2048294327475,18.5944466106593
"Pleroma",2935,0.108310660204316,21.5662302719919,71.0376947191026,23.641637802124,18.9996330670718,1435.09074457008,58.7742108431729,672.779503716363,93.0110184543104,0.73962975051254,195.311575995551,27.7566335487366,52.993586646186,16.8067998290062
"Guyonia",67,7.91215473648833e-06,24.3672919273376,52.8848314052675,25.6436347961426,23.2357568740845,1951.18908691406,68.3479080200195,978.400476074219,47.7079035441081,0.237175084650517,199.705403137207,26.3752729098002,51.0360336303711,15.1713563465491
"Melastomastrum",211,0.355677703863131,24.483667755127,61.8919086456299,25.9582221660208,23.1655552387238,1627.47198486328,68.5139152526855,849.383261287914,72.6652946472168,0.204457126557827,199.12511138916,26.2479109287262,53.5584454536438,15.8489314317703
"Tristemma",457,0.295206488930439,24.9740895589193,45.7624390546013,26.0183087348938,23.5378753026326,1967.38690338613,63.2008412679037,1005.73421538063,84.0375800771651,0.363507423448292,198.718366176829,31.3102162480688,49.5378248958361,15.4640340214504
"Dichaetanthera",185,0.00347731352845998,22.8189821243286,58.7812835693359,24.1866893768311,21.3513452802386,2123.73262532552,81.6582641601562,1188.26403808594,85.9035847981771,0.893092231204112,191.472460640801,38.4977501233419,52.583956128075,17.5724639892578
"Heterotis",190,1.26144871758459,23.9584706250359,53.9303449392319,25.0047608824337,22.4740080833435,1828.48017883301,65.7627449847282,808.308147024601,68.2661006019471,0.311622068285942,197.462612628937,28.3815921068192,53.4916900396347,15.040523827076
"Antherotoma",254,2.9942406156557,21.6489784240723,83.0088964119936,25.2132850646973,18.4418070866511,1223.01435265174,91.9759348551432,723.244782511393,24.6453987002373,0.427918839454651,198.318568629077,22.2369376540184,56.3898252487183,14.9229777336121
"Dissotis",38,0.0274806126416118,23.1209195454915,72.2131924099392,23.7368017832438,21.7608203887939,1690.94635009766,75.4320017496745,981.671854654948,18.1032474040985,0.599067687988281,197.96675453186,30.5175354480743,54.5287169350518,16.6625759601593
"Melastoma",1526,0.325215025346497,24.0873964854649,50.4242909504817,25.9571318550774,23.2012984752656,2475.87471177843,49.7451712489128,1001.41397094727,245.681800622206,0.603409609951389,190.010163956218,58.0992120605595,52.399557405048,16.5825516879558
"Osbeckia",684,0.521466874829273,20.3438285585589,70.9978028933207,25.2837553024292,12.2311548171223,1518.62140869767,72.1526272068285,871.250931708748,57.9214082082112,0.793840454892909,190.771869172441,39.1717485366984,57.8754498017433,16.7193481913531
"Amphorocalyx",3,7.91215473648833e-06,18.0045954386393,84.1747004191081,20.5179487864176,14.2379544576009,1148.6630859375,102.334902445475,807.702331542969,22.5465672810872,0.59136559565862,188.374039967855,20.1701192855835,58.6401007970174,14.9774651527405
"Rousseauxia",17,7.91215473648833e-06,22.3994891643524,50.8951468467712,24.8590633074442,18.9625252882639,1898.56586710612,43.9397077560425,764.539494832356,224.389859199524,1.16882019241651,172.603608608246,38.2538701295853,55.9039927721023,17.7945449650287
"Pterolepis",651,0.291508279271056,24.1399946470518,67.7818241119385,25.8733241622512,22.5377834938668,1408.40973993558,70.124144581701,747.425575256348,46.940799554189,0.532502144575119,197.178276062012,23.3713095188141,54.7891262673043,16.3537095785141
"Pterogastra",121,15.1228287169927,24.0350247521746,53.2114749418664,24.9213527775458,23.0982775601867,2584.73891086492,53.780334090755,1141.69600890665,177.03632328521,0.93071544770972,196.043388893701,38.387755372945,51.6831180658276,15.69245279105
"Acanthella",98,2.13477428037611,24.7727776141749,47.4759196079139,25.2851615574915,23.8861859111327,2798.6290138428,54.4945305073896,1248.28403861146,230.144836439733,0.497654575035618,196.701651916982,43.8702623002083,48.7671324636246,15.8885539408886
"Pseudoernestia",12,0.266080964277811,25.7420303026835,45.5714027086894,26.7206384340922,25.0235548019409,2952.24948120117,48.8370904922485,1237.57389322917,242.457252502441,0.165685503433148,199.407463391622,38.4620091120402,46.7798886299133,15.4232557018598
"Comolia",368,0.06161245021362,25.1956440318715,50.2777594430106,25.8326482772827,24.0430801420501,2496.31073324438,50.007879892985,1099.83226860894,196.986426414228,0.353118188268401,197.511415587513,41.821942796115,49.8230831950452,16.8887582869367
"Noterophila",184,2.7338092791243,25.2887666438108,59.8597818410842,26.6226320811899,23.6998528834738,1802.80033445483,68.0825569353728,895.422389631913,92.9044190298223,0.263159523060773,199.354084714072,28.325791872504,53.4941393457361,16.2279396926561
"Acisanthera",593,1.97171841889177,23.4035605129442,67.5667841991879,25.1845163596096,21.6067948273018,1678.93062973023,54.1780011632899,776.523625730558,152.925779945113,0.424011313065952,197.701579756409,27.4149465784431,53.7847549835841,16.3361796791317
"Macairea",944,1.28028572756837,24.0215473175049,50.9211107728853,24.6303896062514,23.2204098474412,2910.21496582031,47.1123968760173,1264.8730061849,298.314540863037,0.394021511254832,198.461590054669,46.0022647976875,47.782274723053,17.4347241822411
"Sandemania",33,3.639719239618,25.4058319438588,52.3067906697591,26.2956720409971,24.6050402901389,2176.04803281842,48.6786282279275,906.066955566406,219.352255156546,0.174749468425007,197.658931732178,32.8298279733369,44.5917191360936,18.9229916081284
"Siphanthera",372,0.792237362295989,23.6822488684403,66.3692417144775,24.425858681662,21.9676896875555,2121.87208618164,70.1304817199707,932.080932617188,78.7123856809404,0.412840470937746,198.905678956405,27.9750790662236,49.442655806108,16.6258702145682
"Aciotis",1726,17.0296238598566,24.6861700992706,49.4534060831142,25.3874543003538,23.8389582076656,2687.49134183592,43.312136217322,1048.86764718747,300.108446054781,0.657724612562641,196.034085633554,41.5182648482417,48.5930892144644,17.2653447331675
"Marcetia",488,0.00268369500934643,22.0349643013694,77.0097261511761,23.3479650670832,19.6105332677327,876.488311767578,65.6440333490786,459.493812561035,53.5503336588542,0.729231119155884,186.480518009352,23.2656288146973,56.739803314209,16.4083035469055
"Fritzschia",147,0.054500197947377,21.0191142699298,78.2081992107889,23.0046219203783,17.9582818072775,1363.79833984375,86.7733973627505,782.760137939453,29.0965539567611,0.621909632625287,197.582553526934,26.4652060667674,53.1414747238159,17.3685466051102
"Appendicularia",38,0.143198324341339,25.4724735683865,54.3398874456232,27.0082079569499,24.5946915944417,2690.80208333333,52.7384702894423,1226.4882405599,161.64847056071,0.148312158054776,199.77567185296,27.7695539214394,47.5206349160936,14.1064891381697
"Nepsera",213,8.55463960086334,25.786134854169,44.9113311946672,26.8157497638828,24.8089851594307,2565.14878966999,48.7653710629459,1049.84992572623,273.737788218288,0.334313411779369,198.206733679734,45.5418220293914,50.9014380056533,16.843798936626
"Brasilianthus",10,0.0213049866566959,25.0172075271606,55.0169940948486,25.8989143371582,24.2224336624146,1686.46544189453,64.8133148193359,851.771759033203,72.9404552459717,0.473518192768097,195.14063949585,23.6548909664154,49.1634912490845,15.4586362123489
"Ernestia",71,0.00897304769350494,24.9914417266846,56.837946805087,26.4974723815918,24.0479822158813,2891.994370894,52.2881937893954,1142.07382479581,152.346677606756,0.317018799483776,199.051747894287,32.6705710411072,47.0408128608357,14.8345783948898
"Stenodon",29,0.38973577649539,23.0673019146097,78.6085547085466,24.8128074119831,21.4914973028775,1511.35102791622,80.7007233192181,804.517578125,16.5329995813041,0.594932866507563,198.154913014379,21.8899425720346,53.6617786473241,16.0127784712561
"Lavoisiera",409,0.0506244906851676,21.0236120223999,78.0655574798584,22.9347938040028,17.9388825893402,1333.45163361923,86.4291524887085,782.841369628906,28.7041263580322,0.614391013979912,197.157832554408,28.440730633943,53.0010073184967,17.6441065470378
"Trembleya",460,7.91215473648833e-06,21.2859054475319,78.130802154541,23.0728397369385,18.4733238220215,1402.13798828125,87.4774932861328,808.584790039062,24.7368392944336,0.617237389087677,197.687047958374,25.7901289463043,53.448823928833,17.3223721981049
"Chaetostoma",147,0.00775364890790571,20.7667141879898,78.789857228597,23.1262572606405,17.5921562263765,1465.54721069336,78.1382586161296,804.074576241629,45.9110425313314,0.584067006427122,197.941928863525,25.381960317313,52.1132879257202,16.8324222564697
"Microlicia",1556,7.91215473648833e-06,21.3551292419434,78.2227481617647,23.0349686145783,18.7205287933349,1292.26610441332,81.5943546295166,733.959194437663,31.5598017544974,0.627653169269498,197.464880657196,24.6729118824005,53.4643371105194,16.7083578109741
"Rhynchanthera",854,0.360712236008281,23.2222352027893,71.9191127851898,25.4212095657091,21.8557272982006,1593.64379352072,65.5069797366273,792.499743652344,90.4811583032795,0.328602913510183,198.399015011995,27.588095198075,53.3445806503296,16.1198415458202
"Korupodendron",3,7.91215473648833e-06,23.9927221934001,44.4201787312826,24.8840128580729,23.0927022298177,2627.04296875,62.7387504577637,1393.48616536458,40.7264747619629,1.04073550303777,189.327276865641,60.4977124532064,47.0281232198079,16.7496531804403
"Erismadelphus",37,0.726231105572113,23.5736405560464,44.2292068654841,24.589664329182,22.5443638816025,2152.61607823227,62.0811391599251,1050.23436852657,60.4603421904824,0.356964523988691,197.939033378254,37.8536630290928,47.787738496607,14.7814069877972
"Callisthene",670,0.940755706072023,23.4285765392024,77.250171661377,25.2929990349746,20.8619239807129,1346.75581054687,77.4243989314562,691.851348876953,32.4922091394295,0.428418018048008,197.722730587055,21.2016870712305,54.4352242151896,16.3744532505671
"Qualea",2749,0.214757690607951,24.808926264445,52.6925417582194,25.7771058400472,23.9527182095293,2310.31704477163,51.0095409735655,947.742167154948,211.07719039917,0.283642307551497,198.946182250977,34.358358001709,48.2741561369462,17.2513620853424
"Salvertia",314,2.25541744089149,24.870353394671,72.9728971000263,26.6899913073963,23.1788511132294,1451.65268390642,79.533343908628,769.672763167284,29.2436538056681,0.291471974510402,199.443116037562,19.583645383748,53.209149501119,16.0027300351209
"Vochysia",3236,0.211923463111008,24.3467576768663,57.3577839499489,25.2458208084106,22.9864728715685,1937.91756693522,52.1773354073039,819.214959462484,167.030340021307,0.495567431472088,197.465201377869,34.2281754109766,51.9584328333536,17.095018370585
"Erisma",354,0.0610477495375795,25.0901832580566,45.3151898384094,25.7112555410041,24.3711421489716,2607.63758622839,39.3944852828979,1018.87942388625,291.909460449219,0.0890982164003487,199.512439273652,38.3651346288976,45.5000996309168,18.8150845084871
"Heteropyxis",15,0.666629671482653,19.563499323527,106.60366007487,23.3527540842692,13.8892600377401,754.613639322917,77.0648028055827,390.054290771484,27.665754032135,0.784929976860682,187.837674458822,17.4796594778697,60.5192207336426,14.2138659159342
"Whiteodendron",14,0.964246666388818,26.1644220352173,49.125953401838,26.7833136149815,25.6239750725882,3616.3978969029,27.0733604431152,1328.56958443778,621.791288103376,0.341217109800449,193.998792375837,142.322471891131,47.9041768482753,21.6043159621102
"Kjellbergiodendron",12,0.448817920959167,25.8426542282104,38.5990745226542,26.4144304593404,24.9891738891602,2464.49196370443,38.553607304891,1027.06708780924,274.045129140218,1.02614813670516,187.906015396118,66.9387470881144,50.8040053049723,17.3627889156342
"Welchiodendron",45,0.450728472251155,26.1250921461317,43.6496017456055,27.6343675401476,24.2395127190484,1612.53497450087,100.558617485894,1056.60641004774,32.2253277036879,0.130255245106916,196.166116954662,31.6804324220728,55.136240613019,16.3884097099304
"Lophostemon",991,14.6749231154844,24.198514404692,73.4169733684126,27.6849075779377,19.455821523142,1244.79323258199,88.5309602936446,680.608250447031,50.2515705311208,0.317541085121853,175.145712388438,24.966804680868,59.0016111848891,16.1200674828607
"Xanthostemon",572,0.00103976310115417,24.6565933227539,31.9815721511841,26.522864818573,21.6822557449341,2034.79125976562,51.8267602920532,971.463912963867,148.460624694824,0.48516226063172,175.914942423503,39.4109373092651,55.0849650481652,17.4272876580556
"Pleurocalyptus",7,0.0173455703137202,22.2571637289865,19.3747268404279,25.0725898742676,19.2285848345075,1750.00776018415,40.1380827767508,671.40238734654,226.13671875,0.697210150105613,164.27689743042,47.2091732025146,53.4699788774763,18.0717804091317
"Purpureostemon",6,0.0199610788634347,23.9474115371704,20.4401696523031,26.5720144907633,21.1351044972738,1552.89416503906,53.3921585083008,746.70448811849,158.904535929362,0.454111283024152,185.389106750488,40.5953925450643,54.5594940185547,18.0364419619242
"Rhodamnia",600,0.338045092472408,23.4718651374181,50.588043579327,26.1017833391825,19.6348900000255,1619.73505734175,56.2839031219482,909.854764302572,129.515491310453,0.526693835484644,173.867065842946,35.2702011993562,55.0810971714202,17.2024276800323
"Austromyrtus",77,0.123773291299076,20.7259922027588,60.7499682404274,24.9891424179077,15.5189879661383,1621.32409667969,40.3055432637533,645.48486328125,167.805681610107,0.424511536955833,185.560960769653,32.6780155056207,55.2438631057739,18.0794015460544
"Gossia",582,0.129784829206023,22.8622694015503,38.2714775085449,25.6551413536072,19.7706165313721,1650.78076171875,50.5676345825195,804.520301818848,145.597816085815,0.536232709884644,169.848863139297,35.3614046650548,54.7305819193522,17.5134221315384
"Uromyrtus",47,7.91215473648833e-06,22.8856762568156,37.3802078882853,25.6389077504476,19.9379510879517,1797.27406311035,44.0118722915649,729.144119262695,173.151106400924,0.670372140904268,173.795019785563,38.4840126832326,53.9858544349671,17.956762890021
"Archirhodomyrtus",130,0.00338764577233469,22.7790067309425,22.3475162982941,25.6177201725188,19.7579907235645,1807.56049601237,45.0784274509975,790.304173060826,205.644949595133,0.592117470999558,166.313560395014,42.3367130642846,53.7494487762452,18.1357869704565
"Lithomyrtus",367,0.100088488427364,26.5792570675121,88.8156416151259,29.4755193922255,22.9768309911092,1403.84806554458,107.961877710679,987.330478244358,4.22453862031301,0.324191588908434,186.805600030082,24.1201685799493,59.167992367464,15.9138705200619
"Decaspermum",356,0.0225895670329999,21.9849144816398,45.8281326293945,25.9670420540704,19.8849589964923,2601.84765804516,34.9285169530798,981.185974121094,360.912744409898,1.07068243340346,159.52321267128,83.5394015312195,52.867532898398,17.0427268026701
"Octamyrtus",36,0.275661514578741,22.2010181600397,44.4281058528207,22.5401378978382,21.4149856938944,3108.41644112723,18.4870079721723,985.723731301048,582.018930489676,1.90710885705934,175.016583213558,91.9959101212489,51.1331962765037,18.4471218802713
"Rhodomyrtus",437,0.522569785201652,23.0796871185303,45.9158246252272,25.4176586469015,19.5199681123098,2278.59730563693,38.9254257678985,986.279066425478,233.047038689052,1.11098094334205,166.81193209298,57.8236298279403,53.3247625827789,17.7682790060838
"Kanakomyrtus",5,7.91215473648833e-06,22.1188437143961,21.6850873629252,24.8930408159891,19.1446218490601,1971.19563802084,44.6789518992106,923.120005289713,270.019902547201,0.660372197628021,155.745713551839,51.9065221150716,52.3356126149496,17.8899317582448
"Pilidiostigma",96,0.926982272836672,22.1047630310059,48.1517987251282,25.0878604650497,18.4792153835297,2155.28698730469,76.5759563446045,1335.13790893555,158.871657848358,0.963697941138827,165.335044684233,36.814669072628,54.0170730352402,16.7229524254799
"Myrtastrum",5,7.91215473648833e-06,22.7707904815674,18.314741897583,25.6132900238037,19.7264530181885,1802.14934082031,39.079598236084,706.506817626953,225.1578125,0.598438233137131,163.683471679688,45.1384325027466,53.0288785934448,17.9547828674316
"Myrteola",156,38.1081365564946,13.5308420581176,66.0335524755976,14.3771600595311,12.1863923418214,1589.62648866488,48.4630913371625,685.028111374897,167.048100544707,2.98170453909299,144.55535046238,100.519357694718,54.6800924507172,19.9915040261719
"Ugni",149,2.56217475749916,12.9166384220123,63.5950408935547,17.3601480484009,8.14173580408097,1404.59710599459,66.6664521584144,690.979546414889,119.193488975671,0.901317180879415,155.912337903488,79.4986956067987,55.4778974117377,20.2179409803488
"Myrceugenia",1149,0.78874648864689,18.1497894319995,71.523585391301,21.7778004010518,14.0595342000325,1647.67306315104,37.0094590450155,642.174949427356,230.02292369974,0.912738836861105,190.406194261472,37.4114024672243,50.9578055536501,18.7053403479712
"Luma",96,11.7777228178332,12.6759254844101,85.1385905805719,18.5023974741577,7.24147997236757,1070.45136338693,83.0671485996751,586.041113535563,67.8624312146788,1.06738131134599,146.62227757099,61.7625632511035,60.19994395288,19.5132395802772
"Myrcia",19649,0.127013987610972,23.2445771708072,58.9813831074294,25.0441478093465,21.3001137839423,1603.25842840022,51.0559870569984,725.846140161505,163.957186492285,0.57681798680503,196.292666923222,32.7646540003062,52.5391073226928,16.9002034246922
"Algrizea",43,0.31512239417508,22.9185911918942,75.2672128008123,24.2822955721303,20.5963649645186,681.298677377534,59.1542012607842,329.351490455762,51.3023019704902,0.538032026847073,195.282787059483,17.8866441517807,59.6485550665019,15.7364141925385
"Amomyrtus",38,5.74762484794499,10.8405906597773,63.7653226057688,15.637856165568,6.51526033456127,1855.80901896159,51.7620710531871,819.143560791016,201.5393506368,0.545695775436859,149.636240124703,103.961423023542,53.8356220006943,21.0557594915231
"Myrcianthes",869,2.48380129489159,17.2543440439144,71.0499804814657,20.5234016867244,14.3497785261699,1341.10450545255,45.197069644928,519.096629864914,128.977238586971,2.00414840489919,167.887361012972,53.7597371523197,56.4102592829502,17.8171323376221
"Eugenia",14196,0.0153694894405763,23.7839897791544,57.45763671875,25.6922264857642,21.5688082299436,1598.34949747721,53.8466961287087,743.2044728597,136.685506651137,0.586916714906693,194.425397027221,32.30450797081,53.5911528622662,16.5818850845098
"Blepharocalyx",510,3.22662789305554,21.0492352572354,76.9195530542214,23.1718733458754,17.9047529047186,1347.81618792189,51.0197630296172,741.764925870028,146.692918403756,0.696892906319011,195.771714643999,29.2955071748282,53.590932412581,17.763065772752
"Myrciaria",1678,1.02156108064521,22.7723482676914,66.3297229370764,24.9693822640215,20.1108635602743,1515.89700203075,51.9008851687114,628.887857625273,148.188682639785,0.474559358032244,195.953326347768,29.2462507155706,53.6494958520181,16.689020658801
"Neomitranthes",147,0.00181613512124547,21.7067658395478,56.2953503100903,24.7110635584051,18.6043313199824,1506.38488171147,44.4456571790907,627.338217896842,164.369034661187,0.975800805689534,194.170508889591,33.8499538749456,52.2183692672036,17.743735263745
"Siphoneugena",270,0.607336822406155,20.4457251230875,71.2823943975849,22.6962209383647,17.3757740656535,1542.63306100028,59.9300869532994,739.483081817627,95.4659793717523,1.01539911535826,189.959699176607,37.7643101198453,51.7327343357934,18.1104840040206
"Plinia",436,7.91215473648833e-06,22.8980126380921,56.5573997497559,25.0824870241099,20.6689977645874,1600.7183246481,44.2895721547744,659.817673746745,171.953075620864,0.586095809497229,195.655203713311,31.9878055901005,52.7483745416005,16.9254717725079
"Pimenta",237,7.91215473648833e-06,25.1693630218506,39.5220947265625,26.7040346860886,23.3869514465332,1533.92854410807,51.1291478474935,616.395080566406,137.595364888509,0.616930506664018,185.510799407959,36.5651216506958,60.2244116663933,14.5943022668362
"Curitiba",17,0.0282924147286185,17.6862246569465,76.0616410199334,21.3718401964973,13.4716305452235,1577.64551499311,23.0358241586124,541.249958711512,270.240798950195,0.232363015413284,199.654428594253,27.2315950954662,50.6993025611429,18.7355306288775
"Psidium",4253,0.319410948415752,23.2455027357061,66.6661505926223,24.9790729447907,21.2613334655762,1432.17126464844,58.019684478084,684.172957476448,91.5456945311348,0.44010663229902,197.434004878139,25.7281066902512,54.0953484703513,16.2644149843416
"Myrrhinium",84,2.28440465967072,17.6081859951928,73.3622621354603,21.8757176399231,12.7971990789686,1630.52874465216,17.2354608490354,507.482129414876,301.035013834635,0.544689912838207,193.832190907191,33.3743560966991,51.9553164489686,18.385248317605
"Feijoa",82,1.78837601968323,16.8383363630713,76.5091427128489,21.17815471277,11.8883834234098,1633.30402504526,15.561976746815,503.429071938119,314.158565428199,0.583479959335996,192.736481503743,35.1722468864627,51.4564881789975,18.3706218033302
"Amomyrtella",18,0.197280438503674,15.8994019732756,81.8148159700281,18.1272661265205,13.1631753725164,827.673492431641,61.9418511110194,398.099344590131,69.8228403820711,2.04181594774127,169.515726818758,46.8275273407207,57.9325275982128,19.168431948213
"Lophomyrtus",162,1.65342301462425,14.3440106763678,36.9261697187262,18.4694032669067,10.6558241601718,1252.13357574161,19.2302759461484,394.800186157227,230.817014259867,0.394793700553098,172.891164445608,68.8600655841289,54.7473630905151,20.4569891994282
"Lenwebbia",20,0.0897361768453798,20.3359331843828,57.636426636667,23.9760306387236,16.2187762934753,2026.59969445431,56.0953449480461,1058.9896069151,178.221178228205,0.823426296915672,153.247087748363,36.770429144002,54.2065368324819,17.7243964828627
"Calycolpus",286,0.0849708309700931,24.9329668575863,50.9514883253309,25.6721607424179,24.0207731473871,2362.49578179253,52.2068348195818,1059.83201853435,179.647038821517,0.3392256413471,197.190531070877,39.1164529672958,48.9827436613587,17.2028766019539
"Accara",16,0.213285210993464,20.7754065990448,77.0001692771912,22.8986982107162,17.6161108613014,1381.5606842041,85.9162950515747,847.377899169922,33.6758213043213,0.6141028534621,196.841815710068,29.9501171410084,52.1624823212624,17.8204961121082
"Myrtus",302,7.36219606731236,16.819216807157,65.6606667215461,24.9465653312127,9.90836465121894,646.711755916772,56.3221564387644,291.83816760739,32.267797722327,0.685857450540196,196.000105308381,42.0261850214952,69.3357016771834,16.2104797868539
"Chamguava",16,0.209771426463303,23.8354913847787,64.2601949146815,25.6890374592372,21.4233590534755,2008.64440264021,55.0917814799718,913.943738664899,158.764889717102,1.07532943678754,184.342487743923,35.8999177047184,58.5692365169525,14.9413857970919
"Ristantia",14,7.91215473648833e-06,23.7292414578524,42.4798851013184,26.4477755806663,19.7045383453369,2433.90539550781,72.0234003933993,1653.01698996804,225.515718633478,0.96298904039643,150.244963645935,44.3504567146301,53.8217093727805,17.3038454055786
"Mitrantia",4,7.91215473648833e-06,23.8652148246765,35.8382754325867,26.2586951255798,20.7413597106934,2404.02313232422,87.1644115447998,1452.69088745117,120.71483039856,1.08355678617954,143.739016056061,47.7151753902435,54.1972420215607,17.5720120668411
"Basisperma",2,7.91215473648833e-06,26.0738868713379,42.0231151580811,27.1108198165894,24.6738872528076,1733.63421630859,52.6098289489746,778.667022705078,157.598197937012,0.0321774715557694,199.998941421509,35.217071056366,51.2365798950195,19.3734247684479
"Sphaerantia",9,0.0104264161664709,23.9917813539505,39.232125043869,26.6636515855789,20.6209797859192,2559.57221984864,79.9909539222717,1559.51588439941,169.241878032684,0.897580951452257,127.9932243824,34.9439480304718,54.0459404587746,16.4574890136719
"Barongia",2,7.91215473648833e-06,23.4400243759155,43.5898475646973,26.4984827041626,19.0513715744019,3436.93664550781,61.5005798339844,1767.66094970703,296.472610473633,1.55785125494003,175.988620758057,40.801486492157,52.9641942977905,16.3800818920135
"Tristaniopsis",459,7.91215473648833e-06,23.0693744023641,38.6882260640462,25.6552409728368,20.0990896224976,2253.82000732422,37.8127257029216,870.048131306967,289.954499562582,0.623809254126779,174.650420137814,48.0605019330979,52.4984281857809,18.1673142115275
"Lysicarpus",117,1.34367620733267,21.2352968688704,95.0970612550393,26.6021478441026,14.3256815885886,643.811299641927,50.656372787606,294.034392528045,72.0910200135321,0.261368949045865,184.279711364681,14.174407831624,66.9282730461186,13.8332554560441
"Xanthomyrtus",93,0.239325810935851,17.3888711929321,46.6306781768799,17.7984857559204,16.393252881368,3221.46662597656,17.5715430577596,1025.64520263672,579.814082845052,2.41786524653435,147.053859233856,105.953319549561,52.0744346618652,18.7628338336945
"Cloezia",36,0.0185801628693761,22.8281600952148,17.0959413846334,25.7124423980713,19.8238159179688,2007.43912760417,39.8638896942139,818.415100097656,255.076573689779,0.520345335205396,169.454023742676,45.011606004503,53.0866050720215,18.0902364730835
"Thaleropia",14,7.91215473648833e-06,20.429306268692,44.1593971252441,23.4200842380524,18.6234512329102,2298.02274576823,29.6966444651286,913.566162109375,306.422286987305,0.867045808583498,180.194781064987,69.6949189503988,51.5626831054688,16.5656706492106
"Backhousia",499,0.438572051998249,21.6099638938904,72.0970822175344,25.7709554036458,16.1856466361455,1144.08102544149,54.4892247063773,509.375386205213,119.47087307634,0.554507394822744,172.452820369175,28.3362733400785,57.53378369258,16.4842782020569
"Kania",32,7.91215473648833e-06,20.8874673136958,45.2605819702148,21.4900768774527,20.7070710659027,3171.9531656901,18.8153359448468,994.737347638165,531.767418190285,2.38735585963285,157.909140551532,92.0637923699838,51.3244898319244,17.9672892535174
"Metrosideros",878,0.0975604302187666,22.3878200848897,26.0836935043335,25.0015882764543,19.8071588675181,1727.34792826335,37.8540418412951,653.709543863932,278.270680376777,0.619888757665952,167.290329217911,59.1738801002502,53.6718214352926,18.0715725421906
"Eucalyptus",54349,0.115598475704459,17.0987495808374,85.8838270627535,22.7533351795093,11.5314721559223,602.731335449219,34.8698415756226,247.852637204257,63.169217869715,0.278330200910568,175.172261628238,18.0838461212623,66.2720542092254,15.5732947073894
"Angophora",964,0.561670356057977,17.9127263138626,76.9268586114542,22.798831431071,11.9845775816176,1002.61450554343,29.9565504789352,377.842936197917,137.027015193816,0.381697443624337,176.814531114366,28.467357635498,57.6216440200806,18.8640859127045
"Corymbia",9178,0.683627685805904,24.7058242802153,89.7832852159621,29.205529985349,18.7311662026776,868.524597529361,98.5436749532712,557.162531026205,18.6909535807921,0.22793939235884,178.110087314811,15.8202267360519,64.7363460757745,14.1691661411577
"Eucalyptopsis",9,2.60400171839495,22.9689290788439,41.5506502787272,23.3845882415771,22.1948922475179,2880.12726508247,23.670230017768,1024.56064860026,491.068193223741,1.60453362166882,177.380358123779,76.5068971633911,51.451203250885,17.4394723892212
"Stockwellia",5,7.91215473648833e-06,22.6825275421143,42.8720855712891,25.537321472168,19.6686332702637,2902.19436035156,68.9794563293457,1652.962890625,242.091856384277,1.30770032405853,156.292918395996,46.2388988494873,53.3040609359741,17.2298791408539
"Allosyncarpia",22,0.151142376728649,27.0646609393033,88.1414264332164,29.8076095581055,23.7295553900979,1428.36906294389,107.969461961226,986.924050071023,3.96638000011444,0.282592321661386,190.509726957841,22.6087256453254,58.8555273576216,15.7789621786638
"Arillastrum",6,0.00646135365859776,22.6554390589396,16.1755464871724,25.4503463109334,19.6764456431071,2338.98173014323,39.4359531402588,924.279774983724,284.931973775228,0.500505531827609,175.300043106079,48.0575210253398,52.6253617604574,18.1091758410136
"Lindsayomyrtus",13,0.458397697218534,23.8660758091853,37.6203253819392,26.3148909348708,20.6911729665903,2135.58580603966,88.1537686861478,1321.30338228666,104.852811960074,0.824927859581434,142.956468484341,40.8475096286871,54.9090589132064,17.0460110811087
"Syzygium",6812,7.91215473648833e-06,23.9956630298069,46.2632630065996,26.0383959377514,22.1907198775898,2293.44174898588,43.5519550323486,963.456562423706,246.097302575465,0.735697496268484,183.738974412283,51.7283021392245,52.8341263930003,17.2823000080817
"Syncarpia",61,0.148679450078356,18.6878310339792,62.9960768063864,23.4420525868734,13.0667408216568,1198.57427171071,36.908848508199,486.914680844262,158.015942092169,0.690964187728241,167.036510802308,31.6659408137912,56.8050817080906,18.8068647097264
"Homalospermum",58,0.376976333699619,15.9745749933966,52.1197160523513,19.7308122371805,12.4965512999173,951.631849617794,63.5306315586485,479.211394211342,61.033669504626,0.262995197983651,198.168206905497,36.2759954847139,57.4529410230702,18.3791179163703
"Pericalymma",162,0.16978868063426,16.3407914205031,54.9368951566291,20.1158762194894,12.6837796580884,905.675190966057,69.1598503806375,473.329073375141,53.3204882795161,0.274578833330253,198.926459717028,34.2282613682025,58.4723506840793,18.193463099364
"Taxandria",459,0.136248490580305,16.0881228611387,56.6531218264965,19.8259862044762,12.6224992275238,827.573303222656,52.0446635352241,367.753133138021,62.3898304158991,0.269779810681939,197.571461868286,33.3515133239605,58.9807868357058,18.1477440636733
"Agonis",139,0.0980092543619495,16.628719876855,62.5240107117585,20.6625319924017,12.7917608162026,852.997284723995,61.3670031989761,435.053997270403,60.9922486549695,0.282636588637781,197.99831923163,31.5560050778838,59.949786712726,18.0353885943404
"Kunzea",2054,0.0467272736162742,16.0188278707856,73.625430255566,20.6447900772094,11.4278525000527,782.629586833797,32.221691267831,325.078778943149,84.9802233378092,0.387479038909078,185.59465510385,29.2236846685409,60.1847159416445,17.6484803045639
"Leptospermum",6176,0.783255244959342,16.3635386012849,78.274435043335,21.381516456604,10.6362647457933,950.040832519531,28.9179162045459,336.05661981756,141.671813964844,0.643771174631707,153.487673809654,33.2124358018239,57.3466519855318,18.1228892822951
"Neofabricia",91,0.553468326628734,26.0498281206403,67.5921745300293,27.9358312433416,23.1026488304138,1178.21565385298,110.911813562567,904.381500244141,16.5377672260458,0.191631840332886,193.484005519322,14.499908208847,58.6546079895713,14.7954172492027
"Enekbatus",141,0.00315161162235315,20.2986579923069,108.346783346822,27.9228301355485,12.6632425925311,308.465576171875,58.4877682213022,151.287313431028,26.5781411816997,0.104732560969535,156.476971699529,5.46904832763331,69.9515523002262,13.8543503214332
"Rinzia",549,0.0117069610404116,16.8897779252794,96.7016889784071,22.0838791649297,11.0780231302435,385.223696621982,39.8691844940186,148.422247832676,50.3444969177246,0.123526147877177,188.736291652955,14.7392371678315,70.6854076385498,14.9243714628798
"Euryomyrtus",391,0.0390649886564669,18.8689168691635,105.043154907227,26.2497984170914,11.240707719326,284.134030532837,37.9618479076185,119.924688611712,39.7391790628433,0.10033686954136,146.230771200997,5.96520266362599,70.1011913844517,14.1530264427787
"Kardomia",54,7.91215473648833e-06,17.0305700302124,94.4424101511638,22.1933031082153,11.2374978065491,735.023086547852,39.4791065425407,336.754427591959,113.689403533935,0.678629909952482,157.56233851115,24.9535628557205,60.8702873388927,16.3818476200103
"Ericomyrtus",372,0.237041149294348,17.3527780528118,96.662491275537,23.7426530736928,11.178354950144,426.925762282098,56.5099057890804,209.717166413456,40.5489048570993,0.130645462691066,188.718448267941,9.32126549813027,68.7150393129832,13.8662785878208
"Oxymyrrhine",32,0.000488667310946318,16.9251712693109,94.9408095677693,23.0708048684256,11.2990291629519,439.198774549696,49.5665621984572,190.332025316026,39.1235844748361,0.175132432361208,192.842236745926,16.6780686624466,69.7248906559414,14.9706613378866
"Babingtonia",180,7.91215473648833e-06,18.9201236724854,88.3795398712158,25.3390607833862,12.51412525177,466.939424133301,76.4869166973025,280.118019866943,28.6300582885742,0.263598401424323,191.329843139648,9.88501870632172,67.0296287536621,14.0143100738525
"Scholtzia",413,0.00247121111881036,20.3283729553223,86.0643997192383,26.4000391430325,14.4770433637831,373.242889404297,81.2467079162598,224.626636081272,19.8921661376953,0.236659861224539,176.787757873535,7.90177118778229,68.6856985092163,14.3346162901984
"Malleostemon",362,0.00227984623794355,21.0141088962555,100.268997192383,27.6782145500183,14.8289337793986,314.412501017253,75.1781845092773,179.926339467367,16.8251488208771,0.124497720971704,164.475900014242,5.81957711279392,70.1466034150893,14.1792408029238
"Sannantha",347,0.191723788262029,20.0474145103384,72.364350884049,24.1823062896729,14.4620838363966,1125.00070465936,44.3231326949363,555.33093734442,130.621614900087,0.534170425062378,170.761241702018,28.8301081138498,57.1967371834649,17.3296040504067
"Cheyniana",12,0.000407130890329545,20.4765121936798,110.290525436402,28.1088136434555,13.1327797174454,332.956127166748,68.3153414726257,178.91457271576,23.9965273141861,0.138907060492784,148.39736187458,5.07895934581757,70.5794018507004,13.8565463274718
"Balaustion",59,0.305959941170772,18.6555255631269,103.925853276657,25.9501378334175,11.3159681578814,309.22011630818,44.1853574009265,134.771404201702,38.8642697738389,0.106236322325165,169.940300699008,6.66063908601211,70.3943247714285,13.9536374342644
"Triplarina",48,0.0346865942666869,20.5177068710327,75.172492980957,25.2126613193088,15.0486652374268,1115.1484375,49.9998762342665,433.644909667969,107.877119276259,0.474192245552937,172.54768371582,25.6742047071457,58.720698038737,15.8963779211044
"Astus",64,0.08181836268235,16.7892084121704,76.7399924493605,20.9865177523705,11.9936105358985,362.036270141602,30.1447985249181,137.021142775013,57.8485317230225,0.218584030866623,188.827375411987,18.0462501331042,69.7015600204468,16.1060664397414
"Thryptomene",1259,0.00752215426841905,20.4362621307373,95.7698319753011,26.8679122924805,13.6999676895142,356.725903193156,72.839478628976,199.895031520299,25.2825080768482,0.155077851631425,172.669284404009,7.55264961607051,70.2393056401667,14.3327896992366
"Aluta",532,0.0348772431967174,21.1840648651123,110.150478935242,29.4261430104574,12.8373206853867,258.543983850196,46.227618202045,115.381958768696,27.6180351082527,0.129335493616322,134.487691879272,4.73096100091934,72.4439315256083,13.8626424471537
"Chamelaucium",620,0.130270261574868,18.7844950704662,92.2488866835875,25.0950743343756,12.2225158405304,370.977546056111,54.9808501603868,187.839200058219,34.3023761940223,0.183291893167835,184.784018937085,11.1872213946449,69.2561027606328,14.7697699930933
"Pileanthus",184,0.110194605126887,21.5045719146729,92.7489065690474,27.5018358230591,15.8047523498535,302.689270019531,80.2131787813627,179.22047996521,13.4925393508031,0.154550424490411,166.167793420645,8.73574046527638,70.3035984039307,14.4156188108982
"Homoranthus",302,7.91215473648833e-06,18.6670093536377,93.6670176188151,23.9433943430583,12.1500296592712,714.959228515625,39.3857898288303,273.043518066406,99.8927612304688,0.394297049913023,172.865833282471,21.366986989975,62.1471900939941,15.4837667147319
"Darwinia",821,0.00501017972276847,17.0468152364095,76.6610698699951,22.1384607553482,11.9468606602062,551.272024972099,48.3074327979501,282.482535298666,55.1677856445312,0.234008868783713,185.853066539764,24.7412029504776,65.2055218764177,17.2714714933468
"Actinodium",41,0.112139220982676,15.5184620880499,66.9165359124905,19.606086126188,11.6346836787898,677.550991895722,50.1012371342357,289.878992592416,63.6652735268197,0.237485084046678,197.829218980743,27.2463979255862,61.594196180018,17.4980638201644
"Verticordia",4486,0.0421785560782132,18.3752987267836,90.1480098404083,25.0893797775485,12.2022060155868,431.010242137832,62.3990352774025,200.60083236204,33.8286671496724,0.181381878934594,187.482095591227,11.2540399998477,68.5523770332337,14.5251667304408
"Calytrix",4047,0.04383515902948,19.648864829022,91.3352050986341,26.2546100616455,12.9034025018865,483.349580103037,72.4294288499015,250.032776320276,28.0585643998508,0.204756533322127,185.71053237915,11.387061884691,67.8244910240173,14.6502118451255
"Micromyrtus",1241,0.00663941685609811,20.3873328821999,100.440971183777,26.3638776779175,12.7082748413086,364.849877021426,44.365841070811,151.511954740494,41.8052924633026,0.129550270860394,172.350651423136,9.42158816541944,69.2612487889719,13.9243686199188
"Corynanthera",15,0.00937134235235295,19.2578440348307,93.1483057657878,26.0084433237712,13.0669295628866,462.270937093099,77.7487269083659,271.395999145508,26.76189549764,0.168094363063574,194.29902750651,7.44055730501811,66.8903586069743,13.5707080205282
"Cyathostemon",184,0.0533141921209919,16.8950967788696,84.5601008278983,21.3545729103735,11.6368017196655,399.929440089635,29.5894492222713,139.285844802856,61.8607740402222,0.193092788569629,178.647632691168,15.1831909247807,70.6283965353238,15.4514493771962
"Hypocalymma",548,0.0112951595321997,16.8303767045339,76.2636741002401,20.8472937742869,12.4048884312312,544.081128565471,61.9895401818412,326.268104553223,50.2061699867249,0.27167590111494,196.034221628751,23.8073023303031,65.7528604401483,17.1987697164218
"Astartea",372,0.0057840493446868,16.0266557073309,60.2800979711571,19.8709196590242,12.3861747052935,823.858519829756,56.8961718423026,409.512812230837,66.8502760906609,0.289696889463812,198.257119496664,30.0644753290259,60.1242340370026,17.693172182475
"Seorsus",16,7.91215473648833e-06,23.6030693054199,78.040015411377,24.2470394134521,20.8673244714737,1892.1633644104,28.9277638435364,717.979156494141,241.016025543213,0.145446875132621,192.910492897034,42.2568805813789,58.1737434864044,15.1670619726181
"Stenostegia",2,7.91215473648833e-06,26.9808349609375,98.3693161010742,30.2308683395386,21.8439197540283,782.288757324219,113.630905151367,523.3662109375,3.36931586265564,0.10753646120429,99.9227275848389,20.558863401413,67.2800912857056,12.9650157690048
"Ochrosperma",66,0.0288765004402431,20.4871640205383,84.5809773763021,24.6695065498352,14.8425509589059,1333.81035766602,37.8080182756696,531.603123474121,149.015600585938,0.354673057794571,173.201637268066,33.3088596542676,57.6879285812378,19.249782705307
"Melaleuca",21312,0.101315219573906,17.9533071517944,82.7870177912518,23.9173454804854,12.2480572532205,444.586456298828,54.2611144493366,218.996604919434,42.7623348236084,0.226408491719444,187.839733305432,14.4151653409004,68.3099855289978,15.1952239005796
"Didiplis",35,0.145653070061537,13.2544875826154,91.5267061505999,25.431892994472,0.255918990288462,996.07437046596,32.7731337138585,360.369201660156,134.918506840297,0.110045408989702,199.988830457415,29.5568565232413,60.1528065545218,13.9797665119171
"Rotala",1682,0.905177782141221,23.8014732707631,80.3862178636634,26.5588422255083,20.2698972844568,1304.34221302379,83.9881166730608,707.334533691406,29.9981892903646,0.405591302063493,197.160358428955,25.2519615604764,58.1707295009068,15.1420381069183
"Heimia",433,3.51239992797202,19.7024413426717,82.6364232381185,22.8079221089681,14.5181883567995,1014.22347197662,64.045889403369,505.671207682292,94.6399385542483,0.804449124046998,174.783289348757,31.9226294856205,57.8468948364258,18.4475277900696
"Decodon",301,3.61053535213247,9.54344813451418,73.8041255672113,21.6242589285207,-2.89322449037948,999.599331168241,17.2897606703926,303.379180249186,185.418074319529,0.184926742831697,197.801216328263,84.7347180587245,56.3163481202236,17.5801418384708
"Lythrum",7278,4.24988008709451,15.7359072386468,89.5277351733336,23.5749295323166,7.86039178280689,649.346444532257,47.1289727373693,253.310798663778,59.5338859217508,0.496856216625739,194.403177552421,33.8372744119338,67.7193134868268,15.8907914523017
"Trapa",462,3.76951266377834,15.7220588311916,73.5682147886695,26.7793949406321,3.95881677836907,1137.5475209554,52.5371580123901,537.568748474121,112.00098101298,0.326384017050902,198.896045374676,43.0726055013455,62.6167672940386,17.4824067751567
"Sonneratia",207,0.0168809891774584,26.3989177496493,38.6929368173875,27.8599183138679,24.7267616953169,2557.01741027832,77.9613740985133,1131.33339921633,165.94259071901,0.302097595029044,193.627110237877,53.4205906722281,55.1802977376514,17.7555621511407
"Duabanga",168,11.7127158577321,24.155018968822,52.263888656143,25.9699618127265,21.6764926952525,2100.2302530522,51.1063196410917,911.892877047228,235.965264128064,0.844860118412004,183.08449656508,63.1723092841656,52.697708830288,17.2887726373659
"Lagerstroemia",681,0.0995469374308691,24.782633972168,63.6545649441806,27.7951059341431,20.9232453377016,1641.66394042969,75.7382507324219,889.922821044922,55.9114189147949,0.587255023419857,193.78782749176,33.2141287747551,57.3378167152405,15.9314602543326
"Lawsonia",34,2.8744235401615,25.9490230223712,79.9943750044879,28.8219674615299,22.7175519606646,690.307515761432,87.1427992652444,498.717961030848,20.3011147800614,1.04006481660968,189.702134020188,17.277261496905,74.6673761255601,15.1719387489207
"Ginoria",29,0.00826613778834481,24.772468328476,50.8544095357259,27.0308935642242,22.2814041376114,1324.25337600708,56.6366494496663,585.747980753581,114.062252044678,0.382945744553581,188.713193972905,34.8694606820742,65.7284565766652,13.9288742542267
"Ammannia",2499,0.347963184355262,25.1641885480501,85.8307898951512,27.9314739977727,21.8088430616591,1076.77654564796,95.5975905100505,673.290377541194,16.9990176141262,0.247758763407668,196.924519525339,19.6631155777499,61.2393731049129,14.154430737178
"Crenea",17,0.0208728641098377,25.3737422047239,33.9301508990201,26.0738792130442,24.8815839796355,3908.85846872041,42.3528233296944,1467.39057275021,442.872531948668,0.560842616737566,195.274280634794,82.9413198846758,50.8574404427499,18.3000772342537
"Pemphis",68,9.08665488211106,25.8392162883983,33.7337185354794,27.6242710842806,23.5388027078965,1833.32701290355,74.5301091811236,935.876044778263,152.967028056874,0.27326531822687,188.596709129857,53.1700347533413,56.6709607909707,17.0093386442054
"Punica",32,5.43318539341397,18.5220772306124,48.1224964459737,25.3194667021434,12.6000216439366,448.386286671956,96.6609127362569,295.55208346049,25.1952145298322,1.12820221067717,174.612302970887,34.4886150121689,71.8559248765309,15.3689159830411
"Capuronia",44,3.69587677099795,24.4268901564858,67.7289515842091,26.5349062572826,21.1263589642265,926.505466114391,100.422543872486,624.699378967285,37.3385137807239,0.55354132858867,181.180409648202,19.4701313159683,63.8605998429385,15.3272908980196
"Diplusodon",1130,0.0324026687926496,22.2547682126363,77.9564285278321,24.1333435058594,20.5077511787415,1436.03937784831,83.1614997170188,780.841171991258,18.2739499409994,0.577455098430316,197.809986782074,23.0032028713069,53.4458686510722,16.5582297245662
"Physocalymma",195,5.14269398603959,24.9435945364145,68.1772590832832,26.4713924407959,23.4248817394941,1680.23305131961,69.0701865269588,820.354686873998,58.6209789581788,0.290629952802108,197.684940396822,22.8940830524151,51.3948815272405,16.7396269309215
"Koehneria",48,3.46641578846843,22.4376355012258,76.4333123763402,25.0935312906901,18.5711378057798,945.662702560425,89.6095507144928,564.912455876668,53.5806659807762,0.61752866829435,183.346702549193,16.440155763593,64.2198406590356,15.1227798991733
"Woodfordia",76,8.86182167379298,23.2389153650829,80.6693212475095,26.3448288747243,19.6277695247106,1072.38858473641,95.0534824507577,706.614074638911,26.4174123414925,0.719432076851704,184.363730860892,28.5626019464362,63.8266746793474,15.503273391085
"Adenaria",366,85.4625996789963,21.5681793429161,63.2667309130476,22.7276479181696,19.8224424900986,1812.55026470247,49.5325130347997,755.901319826887,183.003801126949,1.50439473379866,181.208897220632,49.8217096862897,54.2432510891899,17.5317545184672
"Pehria",41,2.40867550696501,23.8611319006943,64.3067070565573,25.3232119490461,22.610425902576,1449.47550852706,72.9228147181069,728.140088337224,63.7115352851589,0.671452581337312,180.168425397175,28.5276533219872,59.6090184886281,14.3587266526571
"Cuphea",7558,0.452527648354742,21.8866384489494,75.5379309654236,23.9880291453632,19.3996363363483,1433.31647177304,66.1183197759878,701.543477834735,72.0174749162462,0.612642035012444,195.291726706321,28.9668732878648,55.1842527389527,16.2915524623634
"Pleurophora",205,0.0729900258442905,18.3404521942139,84.3013200759888,22.336455821991,13.3968896865845,594.266616821289,68.2611709074541,334.998092651367,32.2193290165492,0.738919228315353,191.788105555943,21.3154789890562,66.7011198997498,18.3361562146081
"Ludwigia",14346,1.42792226013735,21.7241762048505,72.6792066221391,26.4810750865423,17.4538626787939,1415.53588867188,47.6422653198242,609.177405106394,168.654539344424,0.270215036823293,198.263484733445,34.88255484586,55.0778884887695,16.8121108976351
"Lopezia",369,0.44342072072492,18.9748281478882,97.9207333480158,21.606710767746,16.0504745915532,1146.38269805908,90.4979325703213,755.710735293211,39.8762805121285,1.9641759505257,113.336210081654,35.065215374281,60.2426501062975,15.4318637078008
"Chamaenerion",4558,24.0667785684634,3.48330492113657,80.1078916131611,13.3986410493436,-5.77949097566485,911.226250220989,39.2402677807624,336.616717995553,113.333021840573,1.33284278275432,149.88394811243,94.0100630734518,57.8933242403943,19.2040169602765
"Epilobium",28131,1.1264632601242,8.38771144549052,60.1363985879081,16.4635676656451,1.9202868854627,836.049545288086,25.5276573726109,313.852133178711,124.484241485596,0.83486396074295,186.380642482213,82.3641949847893,58.4950174823884,20.9320376461928
"Chylismia",1590,0.187654446459291,15.2298552230552,120.078002421061,27.9988431930542,3.24442896869344,170.74857409247,38.9302947150336,74.4799483372615,20.2285295724869,1.0139409104983,184.907397785893,8.88493204938954,79.7720358132828,16.0789548873901
"Eulobus",399,0.906380830746629,21.5841732848259,103.622688690821,28.6035400854676,15.8069300410294,107.468352113451,79.0223661263784,62.560167437508,0.365310010660962,0.833134551532567,144.777484709308,10.7503931045177,78.7813230667795,14.0007856772059
"Oenothera",16426,0.894040476602882,15.240048235113,100.529506463271,23.829502229366,6.11107608416806,606.159188079834,54.9023883056641,288.288648986816,43.7784105397687,0.712717953111444,188.747675704956,27.7908358971278,69.7372488608727,15.2162195955004
"Camissonia",1245,2.20039598682277,13.1535715442715,117.334543593386,23.1532024322672,3.54969589731158,320.110536302839,67.3608345545393,161.713557990158,16.6566806065916,1.02513758845514,191.444798273199,27.9269503046259,71.0183992915684,15.6700002014384
"Neoholmgrenia",120,1.29919899307542,9.09708486795425,111.677316220601,21.7406618595123,-1.8577562316755,313.09515469869,38.3138739426931,123.998407713572,32.8769962628682,0.66916170331339,199.59336236318,29.1122336457173,70.809126273791,15.2148836930593
"Tetrapteron",151,3.40524848505083,15.6105717917169,124.096681844646,24.7332902235036,7.54044175894491,321.685523139834,83.0330343905548,188.869400889603,5.48523777543519,1.16217658463502,184.738311041489,20.6330618816916,73.1822596217167,14.2547991646979
"Camissoniopsis",893,2.49764766351266,17.0040967057126,110.440194855049,24.2986701620339,10.1785416379266,387.981920998283,86.7403587965642,228.835238354158,5.66380812010371,1.34233818693601,173.248234925704,28.6156493488036,70.0642189368999,14.0348851053855
"Eremothera",1258,2.4484168511244,14.7428216675783,122.639329497878,26.2140607068667,3.98368693479383,211.240588734493,46.6311651268784,89.9960022799604,17.8446759323087,0.916116619787714,190.80171051702,11.8676529764198,78.413748404771,15.5566544796231
"Clarkia",2745,1.45487088791155,14.6661828848032,115.591801570012,22.2838052657528,8.0388205004856,563.839294433594,85.1044633195207,319.080383300781,7.4342997115955,1.3637046865475,188.811776674711,50.836854068766,64.5109472776714,15.103836480309
"Gayophytum",1664,15.5870477301973,8.57961090405782,115.807108382733,19.2418327383943,-1.00088627248498,498.080539996807,60.6615295318457,290.636361258371,36.1416501217875,1.21519526587383,191.954189572547,54.7647621438398,65.9461828902528,17.4103135693934
"Gongylocarpus",35,2.16537428834701,21.2646824359894,84.5741835912069,25.0255849202474,17.6272251923879,577.475049336752,91.0285334269205,369.496664683024,18.9838233947754,0.900556671712546,141.252561219534,25.2760724147161,69.8250312805175,15.6055125832557
"Fuchsia",1901,0.491893983190631,15.0320663452149,68.8273235146516,16.2323656057057,13.7279272760663,1457.40701691444,45.7781472735935,659.584892225117,136.193232400077,2.25207537804779,159.379199894992,83.6397690934346,55.0208524280124,19.6700215199415
